<?xml version="1.0" standalone="yes"?>
<NewDataSet>
  <ColumnsDesription>
    <ID>0</ID>
    <ColumnName>ip</ColumnName>
    <ColumnDesr>IP адрес</ColumnDesr>
  </ColumnsDesription>
  <ColumnsDesription>
    <ID>1</ID>
    <ColumnName>country_iso</ColumnName>
    <ColumnDesr>Код страны</ColumnDesr>
  </ColumnsDesription>
  <ColumnsDesription>
    <ID>2</ID>
    <ColumnName>country_lat</ColumnName>
    <ColumnDesr>Широта (столица)</ColumnDesr>
  </ColumnsDesription>
  <ColumnsDesription>
    <ID>3</ID>
    <ColumnName>country_lon</ColumnName>
    <ColumnDesr>Долгота (столица)</ColumnDesr>
  </ColumnsDesription>
  <ColumnsDesription>
    <ID>4</ID>
    <ColumnName>country_name_ru</ColumnName>
    <ColumnDesr>Страна</ColumnDesr>
  </ColumnsDesription>
  <ColumnsDesription>
    <ID>5</ID>
    <ColumnName>country_name_en</ColumnName>
    <ColumnDesr>Страна (англ.)</ColumnDesr>
  </ColumnsDesription>
  <ColumnsDesription>
    <ID>6</ID>
    <ColumnName>city_lat</ColumnName>
    <ColumnDesr>Долгота (город)</ColumnDesr>
  </ColumnsDesription>
  <ColumnsDesription>
    <ID>7</ID>
    <ColumnName>city_lon</ColumnName>
    <ColumnDesr>Широта (город)</ColumnDesr>
  </ColumnsDesription>
  <ColumnsDesription>
    <ID>8</ID>
    <ColumnName>city_name_ru</ColumnName>
    <ColumnDesr>Город</ColumnDesr>
  </ColumnsDesription>
  <ColumnsDesription>
    <ID>9</ID>
    <ColumnName>city_name_en</ColumnName>
    <ColumnDesr>Город (англ.)</ColumnDesr>
  </ColumnsDesription>
  <ColumnsDesription>
    <ID>10</ID>
    <ColumnName>region_name_ru</ColumnName>
    <ColumnDesr>Регион</ColumnDesr>
  </ColumnsDesription>
  <ColumnsDesription>
    <ID>11</ID>
    <ColumnName>region_name_en</ColumnName>
    <ColumnDesr>Регион (англ.)</ColumnDesr>
  </ColumnsDesription>
  <ColumnsDesription>
    <ID>12</ID>
    <ColumnName>region_iso</ColumnName>
    <ColumnDesr>Код региона</ColumnDesr>
  </ColumnsDesription>
  <ColumnsDesription>
    <ID>13</ID>
    <ColumnName>status</ColumnName>
    <ColumnDesr>Статус</ColumnDesr>
  </ColumnsDesription>
  <ColumnsDesription>
    <ID>14</ID>
    <ColumnName>In_Tor</ColumnName>
    <ColumnDesr>В сети TOR</ColumnDesr>
  </ColumnsDesription>
  <ColumnsDesription>
    <ID>15</ID>
    <ColumnName>Router Name</ColumnName>
    <ColumnDesr>Имя узла TOR</ColumnDesr>
  </ColumnsDesription>
  <ColumnsDesription>
    <ID>16</ID>
    <ColumnName>Country Code</ColumnName>
    <ColumnDesr>Код страны</ColumnDesr>
  </ColumnsDesription>
  <ColumnsDesription>
    <ID>17</ID>
    <ColumnName>Bandwidth (KB/s)</ColumnName>
    <ColumnDesr>Пропускная способность (Кб/с)</ColumnDesr>
  </ColumnsDesription>
  <ColumnsDesription>
    <ID>18</ID>
    <ColumnName>Uptime (Hours)</ColumnName>
    <ColumnDesr>Время работы (ч)</ColumnDesr>
  </ColumnsDesription>
  <ColumnsDesription>
    <ID>19</ID>
    <ColumnName>IP Address</ColumnName>
    <ColumnDesr>IP адрес</ColumnDesr>
  </ColumnsDesription>
  <ColumnsDesription>
    <ID>20</ID>
    <ColumnName>Hostname</ColumnName>
    <ColumnDesr>Имя компьютера</ColumnDesr>
  </ColumnsDesription>
  <ColumnsDesription>
    <ID>21</ID>
    <ColumnName>Flag - Exit</ColumnName>
    <ColumnDesr>Выходная нода</ColumnDesr>
  </ColumnsDesription>
  <ColumnsDesription>
    <ID>22</ID>
    <ColumnName>Flag - Fast</ColumnName>
    <ColumnDesr>Быстрая</ColumnDesr>
  </ColumnsDesription>
  <ColumnsDesription>
    <ID>23</ID>
    <ColumnName>Flag - Stable</ColumnName>
    <ColumnDesr>Стабильная</ColumnDesr>
  </ColumnsDesription>
  <ColumnsDesription>
    <ID>24</ID>
    <ColumnName>Flag - Running</ColumnName>
    <ColumnDesr>Выполняется</ColumnDesr>
  </ColumnsDesription>
  <ColumnsDesription>
    <ID>25</ID>
    <ColumnName>Flag - Valid</ColumnName>
    <ColumnDesr>Валидная</ColumnDesr>
  </ColumnsDesription>
  <ColumnsDesription>
    <ID>26</ID>
    <ColumnName>Flag - Named</ColumnName>
    <ColumnDesr>Именованная</ColumnDesr>
  </ColumnsDesription>
  <ColumnsDesription>
    <ID>27</ID>
    <ColumnName>Platform</ColumnName>
    <ColumnDesr>Платформа (ОС и версия ПО)</ColumnDesr>
  </ColumnsDesription>
  <ColumnsDesription>
    <ID>28</ID>
    <ColumnName>Flag - Hibernating</ColumnName>
    <ColumnDesr>Спит</ColumnDesr>
  </ColumnsDesription>
  <ColumnsDesription>
    <ID>29</ID>
    <ColumnName>Flag - Bad Exit</ColumnName>
    <ColumnDesr>Плохая</ColumnDesr>
  </ColumnsDesription>
  <ColumnsDesription>
    <ID>30</ID>
    <ColumnName>Впервые появилась</ColumnName>
    <ColumnDesr>FirstSeen</ColumnDesr>
  </ColumnsDesription>
  <ColumnsDesription>
    <ID>31</ID>
    <ColumnName>ASName</ColumnName>
    <ColumnDesr>Провайдер</ColumnDesr>
  </ColumnsDesription>
  <ColumnsDesription>
    <ID>32</ID>
    <ColumnName>ASNumber</ColumnName>
    <ColumnDesr>Провайдер (код)</ColumnDesr>
  </ColumnsDesription>
</NewDataSet>