<?xml version="1.0"?>
<AppSettings xmlns:xsi="http://www.w3.org/2001/XMLSchema-instance" xmlns:xsd="http://www.w3.org/2001/XMLSchema">
  <DataUrl>http://torstatus.blutmagie.de/query_export.php/Tor_query_EXPORT.csv</DataUrl>
  <DataFormat>IPAddInfo</DataFormat>
  <IPColumn>IP Address</IPColumn>
  <FieldSeparator>,</FieldSeparator>
  <FlagColumn>Flag -</FlagColumn>
  <TrueValue>1</TrueValue>
  <FalseValue>0</FalseValue>
  <LoadUpdate>false</LoadUpdate>
  <AllTorData>true</AllTorData>
</AppSettings>